<?xml version="1.0" encoding="UTF-8"?>
<project-private xmlns="http://www.netbeans.org/ns/project-private/1">
    <editor-bookmarks xmlns="http://www.netbeans.org/ns/editor-bookmarks/2" lastBookmarkId="0"/>
    <open-files xmlns="http://www.netbeans.org/ns/projectui-open-files/2">
        <group>
            <file>file:/home/tm_galli/Downloads/GestionDeEventos/src/gestiondeeventos/DatabaseConnection.java</file>
            <file>file:/home/tm_galli/Downloads/GestionDeEventos/src/gestiondeeventos/GestionDeEventos.java</file>
            <file>file:/home/tm_galli/Downloads/GestionDeEventos/src/interfaz/ModificarEstadio.java</file>
            <file>file:/home/tm_galli/Downloads/GestionDeEventos/src/interfaz/PanelPrincipal.java</file>
            <file>file:/home/tm_galli/Downloads/GestionDeEventos/src/gestiondeeventos/EstadioDAO.java</file>
            <file>file:/home/tm_galli/Downloads/GestionDeEventos/src/interfaz/SectorEstadio.java</file>
            <file>file:/home/tm_galli/Downloads/GestionDeEventos/src/interfaz/AgregarEstadio.java</file>
            <file>file:/home/tm_galli/Downloads/GestionDeEventos/src/interfaz/PantallaEstadio.java</file>
        </group>
    </open-files>
</project-private>
