<?xml version="1.0" encoding="UTF-8"?>
<project-private xmlns="http://www.netbeans.org/ns/project-private/1">
    <editor-bookmarks xmlns="http://www.netbeans.org/ns/editor-bookmarks/2" lastBookmarkId="0"/>
    <open-files xmlns="http://www.netbeans.org/ns/projectui-open-files/2">
        <group>
            <file>file:/home/tm_galli/NetBeansProjects/club-main/Programa_Club/src/Modulo_Seguridad/Ver_Zonas.java</file>
            <file>file:/home/tm_galli/NetBeansProjects/club-main/Programa_Club/src/programa_club/Main.java</file>
            <file>file:/home/tm_galli/NetBeansProjects/club-main/Programa_Club/src/Modulo_Seguridad/Pantalla_Seguridad.java</file>
            <file>file:/home/tm_galli/NetBeansProjects/club-main/Programa_Club/src/programa_club/Conexion_Bdd.java</file>
            <file>file:/home/tm_galli/NetBeansProjects/club-main/Programa_Club/src/Modulo_Seguridad/Ver_Guardias.java</file>
        </group>
    </open-files>
</project-private>
